,start,end,date,slope,p_value,p_value Holm (alpha=0.05),up/down trend
0,1,14,2020-02-02,0.0,1.0,1.0,0
1,2,15,2020-02-03,0.0,1.0,1.0,0
2,3,16,2020-02-04,0.0,1.0,1.0,0
3,4,17,2020-02-05,0.0,1.0,1.0,0
4,5,18,2020-02-06,0.0,1.0,1.0,0
5,6,19,2020-02-07,0.0,1.0,1.0,0
6,7,20,2020-02-08,0.0,1.0,1.0,0
7,8,21,2020-02-09,0.0,1.0,1.0,0
8,9,22,2020-02-10,0.0,1.0,1.0,0
9,10,23,2020-02-11,0.0,1.0,1.0,0
10,11,24,2020-02-12,0.0,1.0,1.0,0
11,12,25,2020-02-13,0.0,1.0,1.0,0
12,13,26,2020-02-14,0.0,1.0,1.0,0
13,14,27,2020-02-15,0.0,1.0,1.0,0
14,15,28,2020-02-16,0.0,1.0,1.0,0
15,16,29,2020-02-17,0.0,1.0,1.0,0
16,17,30,2020-02-18,0.0,1.0,1.0,0
17,18,31,2020-02-19,0.0,1.0,1.0,0
18,19,32,2020-02-20,0.0,1.0,1.0,0
19,20,33,2020-02-21,0.0,1.0,1.0,0
20,21,34,2020-02-22,0.0,1.0,1.0,0
21,22,35,2020-02-23,0.0,1.0,1.0,0
22,23,36,2020-02-24,0.0,1.0,1.0,0
23,24,37,2020-02-25,0.0,1.0,1.0,0
24,25,38,2020-02-26,0.0,1.0,1.0,0
25,26,39,2020-02-27,0.0,1.0,1.0,0
26,27,40,2020-02-28,0.0,1.0,1.0,0
27,28,41,2020-02-29,0.0,1.0,1.0,0
28,29,42,2020-03-01,0.0,1.0,1.0,0
29,30,43,2020-03-02,0.0,1.0,1.0,0
30,31,44,2020-03-03,0.0,1.0,1.0,0
31,32,45,2020-03-04,0.0,1.0,1.0,0
32,33,46,2020-03-05,0.0,1.0,1.0,0
33,34,47,2020-03-06,0.0,1.0,1.0,0
34,35,48,2020-03-07,0.0,1.0,1.0,0
35,36,49,2020-03-08,0.0,1.0,1.0,0
36,37,50,2020-03-09,0.0,1.0,1.0,0
37,38,51,2020-03-10,0.0,1.0,1.0,0
38,39,52,2020-03-11,0.0,1.0,1.0,0
39,40,53,2020-03-12,0.0,1.0,1.0,0
40,41,54,2020-03-13,0.0,1.0,1.0,0
41,42,55,2020-03-14,0.0,1.0,1.0,0
42,43,56,2020-03-15,0.0,1.0,1.0,0
43,44,57,2020-03-16,0.0,1.0,1.0,0
44,45,58,2020-03-17,0.0,1.0,1.0,0
45,46,59,2020-03-18,0.0,1.0,1.0,0
46,47,60,2020-03-19,0.0,1.0,1.0,0
47,48,61,2020-03-20,0.0,1.0,1.0,0
48,49,62,2020-03-21,0.0,1.0,1.0,0
49,50,63,2020-03-22,0.0,1.0,1.0,0
50,51,64,2020-03-23,0.0,1.0,1.0,0
51,52,65,2020-03-24,0.0,1.0,1.0,0
52,53,66,2020-03-25,0.0,1.0,1.0,0
53,54,67,2020-03-26,0.0,1.0,1.0,0
54,55,68,2020-03-27,0.0,1.0,1.0,0
55,56,69,2020-03-28,0.0,1.0,1.0,0
56,57,70,2020-03-29,0.0,1.0,1.0,0
57,58,71,2020-03-30,0.0,1.0,1.0,0
58,59,72,2020-03-31,0.0,1.0,1.0,0
59,60,73,2020-04-01,0.0,1.0,1.0,0
60,61,74,2020-04-02,0.0,1.0,1.0,0
61,62,75,2020-04-03,0.0,1.0,1.0,0
62,63,76,2020-04-04,0.0,1.0,1.0,0
63,64,77,2020-04-05,0.0,1.0,1.0,0
64,65,78,2020-04-06,0.0,1.0,1.0,0
65,66,79,2020-04-07,0.0,1.0,1.0,0
66,67,80,2020-04-08,0.0,1.0,1.0,0
67,68,81,2020-04-09,0.0,1.0,1.0,0
68,69,82,2020-04-10,0.0,1.0,1.0,0
69,70,83,2020-04-11,0.0,1.0,1.0,0
70,71,84,2020-04-12,0.0,1.0,1.0,0
71,72,85,2020-04-13,0.0,1.0,1.0,0
72,73,86,2020-04-14,0.0,1.0,1.0,0
73,74,87,2020-04-15,0.0,1.0,1.0,0
74,75,88,2020-04-16,0.0,1.0,1.0,0
75,76,89,2020-04-17,0.0,1.0,1.0,0
76,77,90,2020-04-18,0.0,1.0,1.0,0
77,78,91,2020-04-19,0.0,1.0,1.0,0
78,79,92,2020-04-20,0.0,1.0,1.0,0
79,80,93,2020-04-21,-0.3280301454284118,0.10886430106296381,1.0,0
80,81,94,2020-04-22,-0.5631358047660141,0.022601731279616438,1.0,0
81,82,95,2020-04-23,-0.7349954844876746,0.005314527169061639,1.0,0
82,83,96,2020-04-24,-0.852505216993229,0.0015304486402071226,0.8096073306695678,0
83,84,97,2020-04-25,-0.920596638726338,0.0006390405005363761,0.35979697871022104,0
84,85,98,2020-04-26,-0.9426385136884314,0.00046481399977092535,0.26633842186874024,0
85,86,99,2020-04-27,-0.921187611649846,0.0006379379055145763,0.35979697871022104,0
86,87,100,2020-04-28,-0.8583069524205557,0.0015089961004929311,0.7997679332612535,0
87,88,101,2020-04-29,-0.755727182970374,0.005067164082460058,1.0,0
88,89,102,2020-04-30,-0.61493679033427,0.020056642895595448,1.0,0
89,90,103,2020-05-01,-0.43723764875048865,0.08236047858921129,1.0,0
90,91,104,2020-05-02,-0.22378224281987488,0.3237835682141592,1.0,0
91,92,105,2020-05-03,0.024399652499143998,0.8926079601013273,1.0,0
92,93,106,2020-05-04,0.3063807074699098,1.002431951877072e-06,0.0006485734728644656,1
93,94,107,2020-05-05,0.2428234662635545,1.0452575377603977e-08,7.20182443516914e-06,1
94,95,108,2020-05-06,0.20997924193955053,1.0204971242762619e-09,7.276144496089747e-07,1
95,96,109,2020-05-07,0.18696265072151516,1.957987806803133e-10,1.4312890867730903e-07,1
96,97,110,2020-05-08,0.16924666727509705,5.145040973180001e-11,3.8536356889118205e-08,1
97,98,111,2020-05-09,0.15495317357066443,1.5958916153544154e-11,1.206494061207938e-08,1
98,99,112,2020-05-10,0.14308971546423896,5.4595576286863704e-12,4.176561585945073e-09,1
99,100,113,2020-05-11,0.13305347080911722,2.0062109142775157e-12,1.5447824039936872e-09,1
100,101,114,2020-05-12,0.12444288269856583,7.890433527578826e-13,6.122976417401169e-10,1
101,102,115,2020-05-13,0.11696877905197475,3.347726718427529e-13,2.621270020528755e-10,1
102,103,116,2020-05-14,0.11040430262287954,1.561585339900705e-13,1.2258444918220536e-10,1
103,104,117,2020-05-15,0.10456903310944127,8.148933425187042e-14,6.413210605622202e-11,1
104,105,118,2020-05-16,0.09932048345607397,4.7791191356673144e-14,3.7755041171771784e-11,1
105,106,119,2020-05-17,0.09454706113196157,3.11406571328939e-14,2.4756822420650653e-11,1
106,107,120,2020-05-18,0.09016247460377404,2.2033242130632452e-14,1.7582527220244697e-11,1
107,108,121,2020-05-19,0.08610127478489696,1.6514362015324182e-14,1.3194975250244021e-11,1
108,109,122,2020-05-20,0.08231443732230022,1.2886310203440856e-14,1.0425024954583652e-11,1
109,110,123,2020-05-21,0.07876479077248118,1.0413605442348276e-14,8.476674830071496e-12,1
110,111,124,2020-05-22,0.0754228244153986,8.772515330523677e-15,7.1671450250378445e-12,1
111,112,125,2020-05-23,0.07226108235949925,7.747124990259726e-15,6.360389617003235e-12,1
112,113,126,2020-05-24,0.06925402470137257,7.169997330145198e-15,5.9080778000396424e-12,1
113,114,127,2020-05-25,0.06638049201636091,6.934964818614649e-15,5.7282809401757e-12,1
114,115,128,2020-05-26,0.06362640926485463,7.040471662375396e-15,5.808389121459702e-12,1
115,116,129,2020-05-27,0.06098329810780665,7.588635664804395e-15,6.237858516469213e-12,1
116,117,130,2020-05-28,0.05843938579039969,8.576251098078782e-15,7.015373398228444e-12,1
117,118,131,2020-05-29,0.05598398413322563,9.900522848747756e-15,8.06892612172942e-12,1
118,119,132,2020-05-30,0.053610390707667294,1.1382733318227805e-14,9.242779454400978e-12,1
119,120,133,2020-05-31,0.051315735839465235,1.2808467653138713e-14,1.0374858799042358e-11,1
120,121,134,2020-06-01,0.049099784740604564,1.399846100031049e-14,1.1296758027250565e-11,1
121,122,135,2020-06-02,0.04696367737373545,1.4867052065299793e-14,1.1967976912566333e-11,1
122,123,136,2020-06-03,0.044909022091959544,1.5422585501758722e-14,1.2399758743414012e-11,1
123,124,137,2020-06-04,0.042937457215380614,1.570838656832558e-14,1.2598126027797116e-11,1
124,125,138,2020-06-05,0.04105045995246851,1.5733378313931943e-14,1.2602436029459486e-11,1
125,126,139,2020-06-06,0.03924898438311825,1.5454638108004055e-14,1.2410074400727257e-11,1
126,127,140,2020-06-07,0.03753321003897999,1.480351217796967e-14,1.1931630815443555e-11,1
127,128,141,2020-06-08,0.03590229271897854,1.3747566757568216e-14,1.1108033940115117e-11,1
128,129,142,2020-06-09,0.03435409818736704,1.235204970489021e-14,1.001751231066596e-11,1
129,130,143,2020-06-10,0.03288511983958821,1.0789102923343983e-14,8.771540676678657e-12,1
130,131,144,2020-06-11,0.031491122929385405,9.26986370110527e-15,7.564208780101901e-12,1
131,132,145,2020-06-12,0.03016892380998158,7.919881586105932e-15,6.486383019020758e-12,1
132,133,146,2020-06-13,0.028916479037338527,6.773126331106299e-15,5.6013754758249094e-12,1
133,134,147,2020-06-14,0.02773250043163467,5.791205350379514e-15,4.795118030114237e-12,1
134,135,148,2020-06-15,0.026616324622398095,4.8828947460181645e-15,4.0479197444490585e-12,1
135,136,149,2020-06-16,0.02556818349829106,3.9375932644419665e-15,3.272140002751274e-12,1
136,137,150,2020-06-17,0.02458988697602556,2.888955555818515e-15,2.4064999779968227e-12,1
137,138,151,2020-06-18,0.023685815234007944,1.7980124216355755e-15,1.49954235964407e-12,1
138,139,152,2020-06-19,0.02286382556007633,8.663740006713013e-16,7.234222905605365e-13,1
139,140,153,2020-06-20,0.022135399775527292,2.8661694082804517e-16,2.404716133547299e-13,1
140,141,154,2020-06-21,0.021514987626929,5.539619800220062e-17,4.6865183509861726e-14,1
141,142,155,2020-06-22,0.02101803288507667,5.033941971299344e-18,4.2889185595470406e-15,1
142,143,156,2020-06-23,0.02065711255101466,1.6674031487554995e-19,1.425629692185952e-16,1
143,144,157,2020-06-24,0.02043575625906869,2.0380345160393495e-21,1.750671649277801e-18,1
144,145,158,2020-06-25,0.020339708848402298,5.238422293892423e-23,4.520758439629161e-20,1
145,146,159,2020-06-26,0.02032543681974796,2.917244522710874e-23,2.5204992676221952e-20,1
146,147,160,2020-06-27,0.020305553025183023,2.4497466229693754e-23,2.11903082886851e-20,1
147,148,161,2020-06-28,0.020140049794963064,5.693610554702522e-21,4.885117855934763e-18,1
148,149,162,2020-06-29,0.01964553489419798,2.7261883325514193e-16,2.289998199343192e-13,1
149,150,163,2020-06-30,0.018626673391106397,1.9107535219740652e-12,1.4731909654420042e-09,1
150,151,164,2020-07-01,0.01691476916848573,2.3418118374919323e-09,1.6439519099193365e-06,1
151,152,165,2020-07-02,0.014387913584111324,1.0226230996014243e-06,0.0006606145223425201,1
152,153,166,2020-07-03,0.010960278415247769,0.00024888605097813423,0.14659388402612106,0
153,154,167,2020-07-04,0.006550890016677703,0.03210395673312114,1.0,0
154,155,168,2020-07-05,0.0010701817005541005,0.749575619791451,1.0,0
155,156,169,2020-07-06,-0.005570149165840382,0.17402572253661636,1.0,0
156,157,170,2020-07-07,-0.03947142889514212,0.05050880110742482,1.0,0
157,158,171,2020-07-08,0.08101424636040679,0.3076955835858791,1.0,0
158,159,172,2020-07-09,0.18422463708416592,0.06892619547539221,1.0,0
159,160,173,2020-07-10,0.27022844140130686,0.016400216037100186,1.0,0
160,161,174,2020-07-11,0.33903774031449097,0.004114121092334211,1.0,0
161,162,175,2020-07-12,0.39058205499087995,0.0011720486365517904,0.6329062637379669,0
162,163,176,2020-07-13,0.42469757176621126,0.00043727898834590087,0.2509981393105471,0
163,164,177,2020-07-14,0.44114141118464206,0.00025620513950806544,0.15064862203074247,0
164,165,178,2020-07-15,0.4396207514940592,0.00026967668943076177,0.1580305400064264,0
165,166,179,2020-07-16,0.41981063364212445,0.0005066194170371123,0.288773067711154,0
166,167,180,2020-07-17,0.3813415599510785,0.0014742912578156232,0.7843229491579116,0
167,168,181,2020-07-18,0.32375959911153507,0.005558268836106539,1.0,0
168,169,182,2020-07-19,0.2464962533704397,0.02375508654218769,1.0,0
169,170,183,2020-07-20,0.14885957012434492,0.10886430106296399,1.0,0
170,171,184,2020-07-21,0.0,1.0,1.0,0
171,172,185,2020-07-22,0.0,1.0,1.0,0
172,173,186,2020-07-23,0.0,1.0,1.0,0
173,174,187,2020-07-24,0.0,1.0,1.0,0
174,175,188,2020-07-25,0.0,1.0,1.0,0
175,176,189,2020-07-26,0.0,1.0,1.0,0
176,177,190,2020-07-27,0.0,1.0,1.0,0
177,178,191,2020-07-28,0.0,1.0,1.0,0
178,179,192,2020-07-29,0.0,1.0,1.0,0
179,180,193,2020-07-30,0.0,1.0,1.0,0
180,181,194,2020-07-31,0.0,1.0,1.0,0
181,182,195,2020-08-01,0.0,1.0,1.0,0
182,183,196,2020-08-02,0.0,1.0,1.0,0
183,184,197,2020-08-03,0.0,1.0,1.0,0
184,185,198,2020-08-04,0.0,1.0,1.0,0
185,186,199,2020-08-05,0.0,1.0,1.0,0
186,187,200,2020-08-06,0.0,1.0,1.0,0
187,188,201,2020-08-07,0.0,1.0,1.0,0
188,189,202,2020-08-08,0.0,1.0,1.0,0
189,190,203,2020-08-09,0.0,1.0,1.0,0
190,191,204,2020-08-10,0.0,1.0,1.0,0
191,192,205,2020-08-11,0.0,1.0,1.0,0
192,193,206,2020-08-12,0.0,1.0,1.0,0
193,194,207,2020-08-13,0.0,1.0,1.0,0
194,195,208,2020-08-14,0.0,1.0,1.0,0
195,196,209,2020-08-15,0.0,1.0,1.0,0
196,197,210,2020-08-16,0.0,1.0,1.0,0
197,198,211,2020-08-17,0.0,1.0,1.0,0
198,199,212,2020-08-18,0.0,1.0,1.0,0
199,200,213,2020-08-19,-0.13063597084144052,0.10886430106296381,1.0,0
200,201,214,2020-08-20,-0.21622735838247992,0.023770763244877688,1.0,0
201,202,215,2020-08-21,-0.272433648778693,0.0064759252365814484,1.0,0
202,203,216,2020-08-22,-0.3054335066452227,0.0024794372622529365,1.0,0
203,204,217,2020-08-23,-0.31875535955525147,0.0015745232641745154,0.8313482834841441,0
204,205,218,2020-08-24,-0.3147644805460661,0.0018197855525291962,0.9481082728677113,0
205,206,219,2020-08-25,-0.2951975857665821,0.0036023484282243943,1.0,0
206,207,220,2020-08-26,-0.26140710821777563,0.010233988590823079,1.0,0
207,208,221,2020-08-27,-0.2144904052862879,0.03443703616667218,1.0,0
208,209,222,2020-08-28,-0.1553652543487969,0.11827438463647602,1.0,0
209,210,223,2020-08-29,-0.08481798562673899,0.3721584275692963,1.0,0
210,211,224,2020-08-30,-0.003537455209611553,0.9675397352356001,1.0,0
211,212,225,2020-08-31,0.0878557391031911,0.22689866265625888,1.0,0
212,213,226,2020-09-01,0.18879451574550515,1.70195938820752e-06,0.0010875520490646053,1
213,214,227,2020-09-02,0.1480499848225008,6.335739147737728e-08,4.2702881855752286e-05,1
214,215,228,2020-09-03,0.12462973520758808,7.66351849298341e-09,5.310818315637503e-06,1
215,216,229,2020-09-04,0.10834973409026923,1.5654954227083697e-09,1.1130672455456509e-06,1
216,217,230,2020-09-05,0.09600987928908318,4.5220817339050905e-10,3.265469350139623e-07,1
217,218,231,2020-09-06,0.08606780789713854,1.8342262837999823e-10,1.344487866025387e-07,1
218,219,232,2020-09-07,0.07765569020898444,1.1015528608776958e-10,8.151491170494949e-08,1
219,220,233,2020-09-08,0.07026066671665082,1.0074072569857313e-10,7.474961846834127e-08,1
220,221,234,2020-09-09,0.0635709906692815,1.354445383561488e-10,9.995806930683782e-08,1
221,222,235,2020-09-10,0.0573979170466159,2.438974910181393e-10,1.7731347597018725e-07,1
222,223,236,2020-09-11,0.05158609499478983,5.610497994009322e-10,4.0339480576927027e-07,1
223,224,237,2020-09-12,0.04579952450700003,2.2577568795052124e-09,1.5894608431716696e-06,1
224,225,238,2020-09-13,0.039518447448995006,2.894811450198024e-08,1.9597873517840623e-05,1
225,226,239,2020-09-14,0.03246607639606221,1.0835569527099288e-06,0.0006988942344979041,1
226,227,240,2020-09-15,0.02487318008702055,5.006193513135063e-05,0.030587842365255236,1
227,228,241,2020-09-16,0.017249813681635136,0.0016432105396518102,0.8593991122378968,0
228,229,242,2020-09-17,0.010085715500864904,0.033498925965975646,1.0,0
229,230,243,2020-09-18,0.0037233992998075135,0.35709239300988904,1.0,0
230,231,244,2020-09-19,-0.0016905795625131747,0.6283151980078935,1.0,0
231,232,245,2020-09-20,-0.006163558586514413,0.048875388419084474,1.0,0
232,233,246,2020-09-21,-0.009761930501608876,0.0007391963625739071,0.40951478486594456,0
233,234,247,2020-09-22,-0.012554240294146006,3.3498769654826217e-06,0.0021305217500469475,-1
234,235,248,2020-09-23,-0.014586370438343516,8.160302855936576e-09,5.646929576308111e-06,-1
235,236,249,2020-09-24,-0.01585314898979376,1.2296369959085946e-10,9.087017399764514e-08,-1
236,237,250,2020-09-25,-0.016332589636226632,8.943455346907357e-11,6.653930778099074e-08,-1
237,238,251,2020-09-26,-0.016263580415979858,7.499543391447201e-11,5.5871598266281645e-08,-1
238,239,252,2020-09-27,-0.0162220157341666,6.390700053540873e-11,4.773852939995032e-08,-1
239,240,253,2020-09-28,-0.016690913216545453,1.8640385037161832e-10,1.3644761847202462e-07,-1
240,241,254,2020-09-29,-0.01769473090933907,2.142991092521996e-10,1.5622405064485352e-07,-1
241,242,255,2020-09-30,-0.01894531200574645,4.405484478995432e-11,3.312924328204565e-08,-1
242,243,256,2020-10-01,-0.020129218178281248,1.8336238033837263e-12,1.4155575762122368e-09,-1
243,244,257,2020-10-02,-0.0210187080612345,1.6189423531918307e-14,1.2951538825534646e-11,-1
244,245,258,2020-10-03,-0.021500784689737196,7.88903759358124e-17,6.650458691388984e-14,-1
245,246,259,2020-10-04,-0.021616989392929806,1.30807818500052e-17,1.111866457250442e-14,-1
246,247,260,2020-10-05,-0.021605368062984246,1.4112974800543583e-17,1.1981915605661502e-14,-1
247,248,261,2020-10-06,-0.02185836587070076,1.2611509331279057e-16,1.0618890856936966e-13,-1
248,249,262,2020-10-07,-0.02276169607030222,3.4856315019957033e-13,2.72576383456064e-10,-1
249,250,263,2020-10-08,-0.024530028479324954,1.3636289201203103e-10,1.0049945141286687e-07,-1
250,251,264,2020-10-09,-0.02716151186113716,3.74631805518729e-09,2.6149300025207283e-06,-1
251,252,265,2020-10-10,-0.030556143131387964,1.803533962554269e-08,1.2282066284994571e-05,-1
252,253,266,2020-10-11,-0.034593050950565925,2.8198218843564637e-08,1.9118392375936825e-05,-1
253,254,267,2020-10-12,-0.03914298087756653,1.9937881473255017e-08,1.3557759401813411e-05,-1
254,255,268,2020-10-13,-0.044068216989045006,7.485892913215501e-09,5.195209681771558e-06,-1
255,256,269,2020-10-14,-0.049221419260698375,1.592341499629888e-09,1.1305624647372204e-06,-1
256,257,270,2020-10-15,-0.05444458738585453,1.97245608618187e-10,1.439892942912765e-07,-1
257,258,271,2020-10-16,-0.05957235325631056,1.560107275229497e-11,1.1810012073487293e-08,-1
258,259,272,2020-10-17,-0.06445897752269555,1.1448839041885747e-12,8.861401418419568e-10,-1
259,260,273,2020-10-18,-0.06904943535256176,1.8363895324497763e-13,1.4397293934406246e-10,-1
260,261,274,2020-10-19,-0.07347412235803526,1.3674265829604662e-13,1.0747972942069264e-10,-1
261,262,275,2020-10-20,-0.07807426454688103,3.5125987050655896e-13,2.7433395886562253e-10,-1
262,263,276,2020-10-21,-0.08330310119670148,1.492389281697639e-12,1.153616914752275e-09,-1
263,264,277,2020-10-22,-0.08960895078083876,6.9918879488924165e-12,5.3418023929538065e-09,-1
264,265,278,2020-10-23,-0.09742985678039838,3.300108991814396e-11,2.4849820708362404e-08,-1
265,266,279,2020-10-24,-0.10732751681574387,1.6261989144458101e-10,1.1952562021176706e-07,-1
266,267,280,2020-10-25,-0.1202166138716226,9.049778141696804e-10,6.479641149454912e-07,-1
267,268,281,2020-10-26,-0.13782674531694855,6.503306462626864e-09,4.519797991525671e-06,-1
268,269,282,2020-10-27,-0.16419675312489784,7.978317517661732e-08,5.345472736833361e-05,-1
269,270,283,2020-10-28,-0.2152255159192071,4.558521677295452e-06,0.0028901027434053168,-1
270,271,284,2020-10-29,-0.08936035187505124,0.3171437079713919,1.0,0
271,272,285,2020-10-30,0.023819897466912137,0.8249511251594125,1.0,0
272,273,286,2020-10-31,0.12373873510205981,0.2949258643719036,1.0,0
273,274,287,2020-11-01,0.20974806053970244,0.09029249754866314,1.0,0
274,275,288,2020-11-02,0.2811114475334357,0.026118250599372655,1.0,0
275,276,289,2020-11-03,0.3369803133494054,0.007942374014886485,1.0,0
276,277,290,2020-11-04,0.3763583247199036,0.0029430868729235795,1.0,0
277,278,291,2020-11-05,0.39804689402867005,0.0015969447899302721,0.8399929595033231,0
278,279,292,2020-11-06,0.40055832062270713,0.0014846685303046528,0.7883589895917706,0
279,280,293,2020-11-07,0.3819661710665868,0.00245822069386431,1.0,0
280,281,294,2020-11-08,0.3396112231487367,0.006553269535281331,1.0,0
281,282,295,2020-11-09,0.26942095076973965,0.024019555289416378,1.0,0
282,283,296,2020-11-10,0.16385346641467147,0.10886430106296381,1.0,0
283,284,297,2020-11-11,0.0,1.0,1.0,0
284,285,298,2020-11-12,0.0,1.0,1.0,0
285,286,299,2020-11-13,0.0,1.0,1.0,0
286,287,300,2020-11-14,0.0,1.0,1.0,0
287,288,301,2020-11-15,0.0,1.0,1.0,0
288,289,302,2020-11-16,0.0,1.0,1.0,0
289,290,303,2020-11-17,0.0,1.0,1.0,0
290,291,304,2020-11-18,0.0,1.0,1.0,0
291,292,305,2020-11-19,0.0,1.0,1.0,0
292,293,306,2020-11-20,0.0,1.0,1.0,0
293,294,307,2020-11-21,0.0,1.0,1.0,0
294,295,308,2020-11-22,0.0,1.0,1.0,0
295,296,309,2020-11-23,0.0,1.0,1.0,0
296,297,310,2020-11-24,0.0,1.0,1.0,0
297,298,311,2020-11-25,0.0,1.0,1.0,0
298,299,312,2020-11-26,0.0,1.0,1.0,0
299,300,313,2020-11-27,0.0,1.0,1.0,0
300,301,314,2020-11-28,0.0,1.0,1.0,0
301,302,315,2020-11-29,0.0,1.0,1.0,0
302,303,316,2020-11-30,0.0,1.0,1.0,0
303,304,317,2020-12-01,0.0,1.0,1.0,0
304,305,318,2020-12-02,0.0,1.0,1.0,0
305,306,319,2020-12-03,0.0,1.0,1.0,0
306,307,320,2020-12-04,0.0,1.0,1.0,0
307,308,321,2020-12-05,0.0,1.0,1.0,0
308,309,322,2020-12-06,0.0,1.0,1.0,0
309,310,323,2020-12-07,0.0,1.0,1.0,0
310,311,324,2020-12-08,0.0,1.0,1.0,0
311,312,325,2020-12-09,-0.23318192661281595,0.10886430106296381,1.0,0
312,313,326,2020-12-10,-0.3740607400319857,0.025058433866291994,1.0,0
313,314,327,2020-12-11,-0.47524310637292794,0.006715067235254978,1.0,0
314,315,328,2020-12-12,-0.5447525105380094,0.002221362933850014,1.0,0
315,316,329,2020-12-13,-0.5848253674426644,0.0010483790158661711,0.5724149426629295,0
316,317,330,2020-12-14,-0.5963935027191524,0.000825307718623785,0.45391924524308175,0
317,318,331,2020-12-15,-0.5803179232277023,0.0011556836815230745,0.6252248717039833,0
318,319,332,2020-12-16,-0.5375775311171447,0.002653111869289991,1.0,0
319,320,333,2020-12-17,-0.46921111509057617,0.008410099705521335,1.0,0
320,321,334,2020-12-18,-0.3762519597523692,0.03106952873000131,1.0,0
321,322,335,2020-12-19,-0.25969218151421875,0.11816885468949737,1.0,0
322,323,336,2020-12-20,-0.12047155321948191,0.4230854175515786,1.0,0
323,324,337,2020-12-21,0.04038208858023704,0.7399759798106318,1.0,0
324,325,338,2020-12-22,0.22146298211843482,4.431703601479761e-05,0.027122026041056138,1
325,326,339,2020-12-23,0.15224388776886782,1.6314980857030895e-09,1.1567321427634905e-06,1
326,327,340,2020-12-24,0.12986847231645843,2.1437460016330387e-09,1.5134846771529252e-06,1
327,328,341,2020-12-25,0.11185052486758128,6.539639109033105e-08,4.40117712037928e-05,1
328,329,342,2020-12-26,0.09342930839876824,1.6376761782502523e-06,0.0010497504302584117,1
329,330,343,2020-12-27,0.07538661099240374,1.839623568819292e-05,0.011497647305120574,1
330,331,344,2020-12-28,0.06038065224224745,6.550064408287463e-05,0.03962788967013915,1
331,332,345,2020-12-29,0.051488829209108765,5.772882711989681e-05,0.03509912688889726,1
332,333,346,2020-12-30,0.05110388526799763,5.405674271310593e-05,0.03297461305499461,1
333,334,347,2020-12-31,0.05948555429292772,0.00018756950339511482,0.11122871551330309,0
334,335,348,2021-01-01,0.07334701712354584,0.00026371563096399685,0.15480107537586615,0
335,336,349,2021-01-02,0.08703969226053154,0.00012562342832423833,0.075374056994543,0
336,337,350,2021-01-03,0.09698535011394897,3.746764735423928e-05,0.023080070770211396,1
337,338,351,2021-01-04,0.10229260248967807,1.3113513444425636e-05,0.0082352864430993,1
338,339,352,2021-01-05,0.10231694259340858,1.3030274247489092e-05,0.00819604250167064,1
339,340,353,2021-01-06,0.09606899881867885,6.663970501702768e-05,0.04025038183028472,1
340,341,354,2021-01-07,0.08250120886853671,0.0010099443927023143,0.552439582808166,0
341,342,355,2021-01-08,0.06092444578147377,0.018386480429317818,1.0,0
342,343,356,2021-01-09,0.031330190463565354,0.2272090490112329,1.0,0
343,344,357,2021-01-10,-0.005392094255507431,0.8334897425794794,1.0,0
344,345,358,2021-01-11,-0.047458654868236146,0.06644048527007028,1.0,0
345,346,359,2021-01-12,-0.09283761042253535,0.000734742905403506,0.4077823124989458,0
346,347,360,2021-01-13,-0.1417827306886268,1.081088637062772e-05,0.006810858413495463,-1
347,348,361,2021-01-14,-0.20963093885683826,1.8230592623103016e-05,0.011412350982062489,-1
348,349,362,2021-01-15,-0.07037616505676765,0.4807960009975778,1.0,0
349,350,363,2021-01-16,0.0573413820614627,0.63820494543113,1.0,0
350,351,364,2021-01-17,0.16986448559420994,0.20621467320169337,1.0,0
351,352,365,2021-01-18,0.26576488711365104,0.059596310316284706,1.0,0
352,353,366,2021-01-19,0.34426085953628804,0.0168643148980935,1.0,0
353,354,367,2021-01-20,0.404524845115304,0.005201365677549855,1.0,0
354,355,368,2021-01-21,0.4455820192922105,0.0020334408993531836,1.0,0
355,356,369,2021-01-22,0.46625574819912335,0.0012057668311364048,0.6499083219825221,0
356,357,370,2021-01-23,0.4650758245020703,0.001242877608042964,0.6661823979110286,0
357,358,371,2021-01-24,0.4401169946527428,0.002247779205506485,1.0,0
358,359,372,2021-01-25,0.38867936041971,0.0063383334626634456,1.0,0
359,360,373,2021-01-26,0.3065349306562505,0.023844756338315138,1.0,0
360,361,374,2021-01-27,0.1855670300761365,0.10886430106296381,1.0,0
361,362,375,2021-01-28,0.0,1.0,1.0,0
362,363,376,2021-01-29,0.0,1.0,1.0,0
363,364,377,2021-01-30,0.0,1.0,1.0,0
364,365,378,2021-01-31,0.0,1.0,1.0,0
365,366,379,2021-02-01,0.0,1.0,1.0,0
366,367,380,2021-02-02,0.0,1.0,1.0,0
367,368,381,2021-02-03,0.0,1.0,1.0,0
368,369,382,2021-02-04,0.0,1.0,1.0,0
369,370,383,2021-02-05,0.0,1.0,1.0,0
370,371,384,2021-02-06,0.0,1.0,1.0,0
371,372,385,2021-02-07,0.0,1.0,1.0,0
372,373,386,2021-02-08,0.0,1.0,1.0,0
373,374,387,2021-02-09,0.0,1.0,1.0,0
374,375,388,2021-02-10,0.0,1.0,1.0,0
375,376,389,2021-02-11,0.0,1.0,1.0,0
376,377,390,2021-02-12,0.0,1.0,1.0,0
377,378,391,2021-02-13,0.0,1.0,1.0,0
378,379,392,2021-02-14,0.0,1.0,1.0,0
379,380,393,2021-02-15,0.0,1.0,1.0,0
380,381,394,2021-02-16,0.0,1.0,1.0,0
381,382,395,2021-02-17,0.0,1.0,1.0,0
382,383,396,2021-02-18,0.0,1.0,1.0,0
383,384,397,2021-02-19,0.0,1.0,1.0,0
384,385,398,2021-02-20,0.0,1.0,1.0,0
385,386,399,2021-02-21,0.0,1.0,1.0,0
386,387,400,2021-02-22,0.0,1.0,1.0,0
387,388,401,2021-02-23,0.0,1.0,1.0,0
388,389,402,2021-02-24,0.0,1.0,1.0,0
389,390,403,2021-02-25,0.0,1.0,1.0,0
390,391,404,2021-02-26,0.0,1.0,1.0,0
391,392,405,2021-02-27,0.0,1.0,1.0,0
392,393,406,2021-02-28,0.0,1.0,1.0,0
393,394,407,2021-03-01,0.0,1.0,1.0,0
394,395,408,2021-03-02,0.0,1.0,1.0,0
395,396,409,2021-03-03,0.0,1.0,1.0,0
396,397,410,2021-03-04,0.0,1.0,1.0,0
397,398,411,2021-03-05,0.0,1.0,1.0,0
398,399,412,2021-03-06,0.0,1.0,1.0,0
399,400,413,2021-03-07,0.0,1.0,1.0,0
400,401,414,2021-03-08,0.0,1.0,1.0,0
401,402,415,2021-03-09,0.0,1.0,1.0,0
402,403,416,2021-03-10,0.0,1.0,1.0,0
403,404,417,2021-03-11,0.0,1.0,1.0,0
404,405,418,2021-03-12,0.0,1.0,1.0,0
405,406,419,2021-03-13,0.0,1.0,1.0,0
406,407,420,2021-03-14,-0.22028493774093952,0.10886430106296381,1.0,0
407,408,421,2021-03-15,-0.39021903764818766,0.021848168374127015,1.0,0
408,409,422,2021-03-16,-0.5213582594408736,0.004734127642066482,1.0,0
409,410,423,2021-03-17,-0.6185449044498353,0.0011510733640220333,0.623881763299942,0
410,411,424,2021-03-18,-0.6842432616644489,0.00035749982377942445,0.20627739832072792,0
411,412,425,2021-03-19,-0.7197399565324277,0.00017144358040420762,0.10183748676009932,0
412,413,426,2021-03-20,-0.7257020401896225,0.00015019390184775301,0.0898159533049563,0
413,414,427,2021-03-21,-0.7025111684400087,0.0002476198142098036,0.14609569038378414,0
414,415,428,2021-03-22,-0.6504493359635255,0.0006712591415111064,0.3765763783877307,0
415,416,429,2021-03-23,-0.5697265698390609,0.0024515652846590894,1.0,0
416,417,430,2021-03-24,-0.46047870352345205,0.0102755873370759,1.0,0
417,418,431,2021-03-25,-0.3227631757334775,0.04540057428371037,1.0,0
418,419,432,2021-03-26,-0.15655368619709475,0.21269529885084532,1.0,0
419,420,433,2021-03-27,0.038261938426761066,0.040729529036234294,1.0,0
420,421,434,2021-03-28,0.0077026925858241,0.4110364142163446,1.0,0
421,422,435,2021-03-29,-0.008690392184069053,0.14824918443449608,1.0,0
422,423,436,2021-03-30,-0.018488417084482074,0.00036769827624014617,0.2117942071143242,0
423,424,437,2021-03-31,-0.024494813348320786,7.069616076534205e-07,0.0004616459297976836,-1
424,425,438,2021-04-01,-0.028025112842668044,2.0510052354954894e-09,1.450060701495311e-06,-1
425,426,439,2021-04-02,-0.029734483248619135,1.2786536857989178e-11,9.704981475213787e-09,-1
426,427,440,2021-04-03,-0.029999946945169744,4.25111393973296e-12,3.264855505714913e-09,-1
427,428,441,2021-04-04,-0.029163122616309482,5.1562446279602e-11,3.8568709817142295e-08,-1
428,429,442,2021-04-05,-0.02765482116438944,4.516555117758815e-10,3.265469350139623e-07,-1
429,430,443,2021-04-06,-0.025960353915575378,9.66122742507353e-10,6.907777608927574e-07,-1
430,431,444,2021-04-07,-0.024572587651993615,4.627056689497116e-10,3.3361078731274206e-07,-1
431,432,445,2021-04-08,-0.023961804582729816,1.405413812392405e-10,1.03438456592081e-07,-1
432,433,446,2021-04-09,-0.02455591939195688,7.100706210818337e-10,5.098307059367566e-07,-1
433,434,447,2021-04-10,-0.02671962475242838,2.413881294564467e-08,1.6390253990092732e-05,-1
434,435,448,2021-04-11,-0.030725647151760817,2.8914329707938933e-07,0.00019141286266655575,-1
435,436,449,2021-04-12,-0.03672978872626859,9.002763111370557e-07,0.0005842793259279492,-1
436,437,450,2021-04-13,-0.044797739310425105,1.117388016190978e-06,0.0007195978824269899,-1
437,438,451,2021-04-14,-0.054966431544861735,8.230775234158435e-07,0.0005358234677437141,-1
438,439,452,2021-04-15,-0.06732606362704859,4.892372612237969e-07,0.00032142888062403454,-1
439,440,453,2021-04-16,-0.08212427114985284,2.988796387023882e-07,0.0001975594411822786,-1
440,441,454,2021-04-17,-0.09990428436379233,2.2469597639282565e-07,0.0001496475202776219,-1
441,442,455,2021-04-18,-0.12173053472844979,2.334625856520878e-07,0.00015501915687298628,-1
442,443,456,2021-04-19,-0.14972223913414953,3.6933309383005283e-07,0.00024302117574017478,-1
443,444,457,2021-04-20,-0.18912018603567746,1.1478749299625785e-06,0.000738083579965938,-1
444,445,458,2021-04-21,-0.26981919798333365,3.797884574444759e-05,0.023356990132835265,-1
445,446,459,2021-04-22,0.0032824213752922207,0.9854457677364745,1.0,0
446,447,460,2021-04-23,0.2431002241591916,0.28237154756747995,1.0,0
447,448,461,2021-04-24,0.4489185652552705,0.07389516554082669,1.0,0
448,449,462,2021-04-25,0.6199095726609938,0.0189286412386624,1.0,0
449,450,463,2021-04-26,0.7551362550705703,0.005094093719379608,1.0,0
450,451,464,2021-04-27,0.8535134826795057,0.0016199600359058568,0.8488590588146689,0
451,452,465,2021-04-28,0.913738567366071,0.0007214229136882753,0.40183256292436936,0
452,453,466,2021-04-29,0.9342005427379039,0.0005366668722947854,0.30375344971884854,0
453,454,467,2021-04-30,0.6019274796232077,0.07242505152162788,1.0,0
454,455,468,2021-05-01,0.3025256645591216,0.40191910752277116,1.0,0
455,456,469,2021-05-02,0.01325079436959206,0.9713871017360547,1.0,0
456,457,470,2021-05-03,-0.2785868208200615,0.44378100634792583,1.0,0
457,458,471,2021-05-04,-0.5871918014307848,0.0841648270457216,1.0,0
458,459,472,2021-05-05,-0.9560694579082155,0.0002835665332171347,0.16560285539880665,0
459,460,473,2021-05-06,-0.9483141268175667,0.00032016207047361666,0.18601416294517129,0
460,461,474,2021-05-07,-0.9005814486770376,0.0006489647813573028,0.36471820712280417,0
461,462,475,2021-05-08,-0.8142798308442762,0.0019802597420953607,1.0,0
462,463,476,2021-05-09,-0.690590122117798,0.0075058819054558265,1.0,0
463,464,477,2021-05-10,-0.5304921392786526,0.030886196340419326,1.0,0
464,465,478,2021-05-11,-0.33476973800640647,0.1291736483229666,1.0,0
465,466,479,2021-05-12,-0.10405761038543747,0.546985706126769,1.0,0
466,467,480,2021-05-13,0.16114496803233216,0.00020987439760256408,0.12403576898311537,0
467,468,481,2021-05-14,0.10170954431326366,0.00033692294075858754,0.1947414597584636,0
468,469,482,2021-05-15,0.06238335058309995,0.0027648601461086183,1.0,0
469,470,483,2021-05-16,0.030807331949853366,0.05453765769205604,1.0,0
470,471,484,2021-05-17,0.003608674891983191,0.7859160694787257,1.0,0
471,472,485,2021-05-18,-0.020499846819097015,0.10773212761288732,1.0,0
472,473,486,2021-05-19,-0.04198244214105783,0.0019614262848520587,1.0,0
473,474,487,2021-05-20,-0.06094167693371381,3.222501185324155e-05,0.019947282337156518,-1
474,475,488,2021-05-21,-0.07736032759198738,6.69368358271064e-07,0.00043776690630927586,-1
475,476,489,2021-05-22,-0.09121018652710484,1.536360963670381e-08,1.052407260114211e-05,-1
476,477,490,2021-05-23,-0.10249966920563153,3.1117364607700206e-10,2.259120670519035e-07,-1
477,478,491,2021-05-24,-0.1112886047632689,4.257203595118147e-12,3.2652751574556186e-09,-1
478,479,492,2021-05-25,-0.11768614630026335,2.8870646235823466e-14,2.30099050499513e-11,-1
479,480,493,2021-05-26,-0.1218976156589487,6.623222660828992e-17,5.596623148400499e-14,-1
480,481,494,2021-05-27,-0.12424670934292643,4.776485560253596e-20,4.088671639577078e-17,-1
481,482,495,2021-05-28,-0.1251848145272191,2.179492019786759e-22,1.8743631370166126e-19,-1
482,483,496,2021-05-29,-0.12529372705989025,1.3930679803513275e-22,1.199431531082493e-19,-1
483,484,497,2021-05-30,-0.1252775642077469,1.3543612181699198e-22,1.1674593700624709e-19,-1
484,485,498,2021-05-31,-0.12595065987267953,6.5617791082693225e-21,5.623444695786809e-18,-1
485,486,499,2021-06-01,-0.12824079076767428,2.4100223936006246e-17,2.0436989897733295e-14,-1
486,487,500,2021-06-02,-0.13324685537814332,3.236269231966361e-14,2.5663615009493246e-11,-1
487,488,501,2021-06-03,-0.1424346469505341,9.68732328999445e-12,7.391427670265765e-09,-1
488,489,502,2021-06-04,-0.1582100374165925,1.0141045772084157e-09,7.240706681268089e-07,-1
489,490,503,2021-06-05,-0.1860181291715159,6.806425663996272e-08,4.5671116205414984e-05,-1
490,491,504,2021-06-06,-0.25498861572138426,2.1555800306686877e-05,0.013407707790759237,-1
491,492,505,2021-06-07,0.08973762059820667,0.6805425552003488,1.0,0
492,493,506,2021-06-08,0.38866623627192043,0.16079315867316432,1.0,0
493,494,507,2021-06-09,0.6413274372841079,0.03753702698050376,1.0,0
494,495,508,2021-06-10,0.8472043821495181,0.008918626500694232,1.0,0
495,496,509,2021-06-11,1.0056929833615353,0.002317876269519771,1.0,0
496,497,510,2021-06-12,1.116051160796302,0.0007535912155754659,0.4167359422132326,0
497,498,511,2021-06-13,1.177333998461385,0.0003692923297343563,0.21234308959725487,0
498,499,512,2021-06-14,1.1883073937991853,0.00032263599933695167,0.18712887961543195,0
499,500,513,2021-06-15,1.1473253965120302,0.0005236775860380968,0.297448868869639,0
500,501,514,2021-06-16,1.0521409134693729,0.0014055369004721753,0.7505567048521417,0
501,502,515,2021-06-17,0.8995651649266748,0.005180638832543085,1.0,0
502,503,516,2021-06-18,0.6846450822144907,0.02253499610951594,1.0,0
503,504,517,2021-06-19,0.3978351430063363,0.10886430106296381,1.0,0
504,505,518,2021-06-20,0.0,1.0,1.0,0
505,506,519,2021-06-21,0.0,1.0,1.0,0
506,507,520,2021-06-22,0.0,1.0,1.0,0
507,508,521,2021-06-23,0.0,1.0,1.0,0
508,509,522,2021-06-24,0.0,1.0,1.0,0
509,510,523,2021-06-25,0.0,1.0,1.0,0
510,511,524,2021-06-26,0.0,1.0,1.0,0
511,512,525,2021-06-27,0.0,1.0,1.0,0
512,513,526,2021-06-28,0.0,1.0,1.0,0
513,514,527,2021-06-29,0.0,1.0,1.0,0
514,515,528,2021-06-30,0.0,1.0,1.0,0
515,516,529,2021-07-01,0.0,1.0,1.0,0
516,517,530,2021-07-02,0.0,1.0,1.0,0
517,518,531,2021-07-03,0.0,1.0,1.0,0
518,519,532,2021-07-04,0.0,1.0,1.0,0
519,520,533,2021-07-05,0.0,1.0,1.0,0
520,521,534,2021-07-06,0.0,1.0,1.0,0
521,522,535,2021-07-07,0.0,1.0,1.0,0
522,523,536,2021-07-08,0.0,1.0,1.0,0
523,524,537,2021-07-09,0.0,1.0,1.0,0
524,525,538,2021-07-10,0.0,1.0,1.0,0
525,526,539,2021-07-11,0.0,1.0,1.0,0
526,527,540,2021-07-12,0.0,1.0,1.0,0
527,528,541,2021-07-13,0.0,1.0,1.0,0
528,529,542,2021-07-14,0.0,1.0,1.0,0
529,530,543,2021-07-15,0.0,1.0,1.0,0
530,531,544,2021-07-16,0.0,1.0,1.0,0
531,532,545,2021-07-17,0.0,1.0,1.0,0
532,533,546,2021-07-18,0.0,1.0,1.0,0
533,534,547,2021-07-19,0.0,1.0,1.0,0
534,535,548,2021-07-20,0.0,1.0,1.0,0
535,536,549,2021-07-21,0.0,1.0,1.0,0
536,537,550,2021-07-22,0.0,1.0,1.0,0
537,538,551,2021-07-23,0.0,1.0,1.0,0
538,539,552,2021-07-24,0.0,1.0,1.0,0
539,540,553,2021-07-25,0.0,1.0,1.0,0
540,541,554,2021-07-26,0.0,1.0,1.0,0
541,542,555,2021-07-27,0.0,1.0,1.0,0
542,543,556,2021-07-28,0.0,1.0,1.0,0
543,544,557,2021-07-29,0.0,1.0,1.0,0
544,545,558,2021-07-30,0.0,1.0,1.0,0
545,546,559,2021-07-31,0.0,1.0,1.0,0
546,547,560,2021-08-01,0.0,1.0,1.0,0
547,548,561,2021-08-02,-0.4605359606373407,0.10886430106296381,1.0,0
548,549,562,2021-08-03,-0.8279579849292025,0.021565561218298713,1.0,0
549,550,563,2021-08-04,-1.1141385034120406,0.004566425788087894,1.0,0
550,551,564,2021-08-05,-1.3248163875537473,0.0010847932064312143,0.5890427110921493,0
551,552,565,2021-08-06,-1.4636842881815773,0.0003361069745922947,0.19460593828893863,0
552,553,566,2021-08-07,-1.5334361425110057,0.00016865762054097186,0.10035128422187825,0
553,554,567,2021-08-08,-1.5361625260860623,0.0001638598371664166,0.09766046295118429,0
554,555,568,2021-08-09,-1.4735335442842934,0.00031016161407144076,0.18082422100364998,0
555,556,569,2021-08-10,-1.3468950612189083,0.0009630682886328622,0.5277614221708085,0
556,557,570,2021-08-11,-1.157324593672386,0.003935746389070537,1.0,0
557,558,571,2021-08-12,-0.9056719521907702,0.01799367077121864,1.0,0
558,559,572,2021-08-13,-0.5926049157134705,0.08493041614308003,1.0,0
559,560,573,2021-08-14,-0.21864054659417453,0.414765420950335,1.0,0
560,561,574,2021-08-15,0.2158295149404604,2.2772657209532892e-07,0.00015143817044339374,1
561,562,575,2021-08-16,0.1791099005743959,1.0721768314580166e-08,7.376576600431154e-06,1
562,563,576,2021-08-17,0.1571527600375122,5.192426768254811e-10,3.738547273143464e-07,1
563,564,577,2021-08-18,0.14335493849190775,1.1369982195005092e-11,8.652556450398875e-09,1
564,565,578,2021-08-19,0.13534037791702963,7.20649009796983e-14,5.678714197200226e-11,1
565,566,579,2021-08-20,0.1318149907269107,4.43054023868774e-16,3.712792720020326e-13,1
566,567,580,2021-08-21,0.13183244803543825,4.580894156151708e-16,3.83420840869898e-13,1
567,568,581,2021-08-22,0.1345525042693252,7.835350096538279e-15,6.4249870791613885e-12,1
568,569,582,2021-08-23,0.1391582844774733,4.5142400816909916e-14,3.570763904617574e-11,1
569,570,583,2021-08-24,0.14484143946272426,6.677245233826011e-14,5.268346489488723e-11,1
570,571,584,2021-08-25,0.15082184144026847,3.084878975664076e-14,2.4555636646286043e-11,1
571,572,585,2021-08-26,0.15638041738004435,4.7597388373968976e-15,3.950583235039425e-12,1
572,573,586,2021-08-27,0.16088206672918007,2.2935195888979884e-16,1.9288499742632081e-13,1
573,574,587,2021-08-28,0.16380634261255478,3.92319493297753e-18,3.346485277829833e-15,1
574,575,588,2021-08-29,0.16477961956614315,3.0361326666457805e-19,2.5928572973154965e-16,1
575,576,589,2021-08-30,0.1635899799138544,6.731657028662032e-18,5.728640131391389e-15,1
576,577,590,2021-08-31,0.1601879774920401,7.260379276711754e-16,6.069677075331026e-13,1
577,578,591,2021-09-01,0.15464876574169323,3.4698448269236714e-14,2.7481171029235476e-11,1
578,579,592,2021-09-02,0.14713716218643622,7.589744261088971e-13,5.89723129086613e-10,1
579,580,593,2021-09-03,0.13787924555988418,9.856698835665556e-12,7.510804512777154e-09,1
580,581,594,2021-09-04,0.12713642288948296,9.28342193421117e-11,6.897582497118899e-08,1
581,582,595,2021-09-05,0.11518198217013707,7.333364113739843e-10,5.258022069551467e-07,1
582,583,596,2021-09-06,0.1022819415038194,5.440412140780757e-09,3.7919672621241876e-06,1
583,584,597,2021-09-07,0.08868164689991438,4.176717373467046e-08,2.819284227090256e-05,1
584,585,598,2021-09-08,0.07459845731428288,3.6420177640972903e-07,0.00024000897065401143,1
585,586,599,2021-09-09,0.060219354508741045,3.983463278713368e-06,0.0025294991819829887,1
586,587,600,2021-09-10,0.04570064132284408,6.100458568456239e-05,0.03696877892484481,1
587,588,601,2021-09-11,0.03116809305578595,0.00143321635446347,0.7639043169290295,0
588,589,602,2021-09-12,0.016724113505552703,0.04546706697363543,1.0,0
589,590,603,2021-09-13,0.002468558345728528,0.7431077617963919,1.0,0
590,591,604,2021-09-14,-0.011465050490530303,0.13571599551988708,1.0,0
591,592,605,2021-09-15,-0.024900224639279763,0.003600796160355593,1.0,0
592,593,606,2021-09-16,-0.03760538628938807,9.117558274348368e-05,0.05497887639432066,0
593,594,607,2021-09-17,-0.04930613170267611,3.0278224182448093e-06,0.0019287228804219436,-1
594,595,608,2021-09-18,-0.059684611981555974,1.1336277585323038e-07,7.572633426995789e-05,-1
595,596,609,2021-09-19,-0.06839008701496939,3.665013391269005e-09,2.5618443604970344e-06,-1
596,597,610,2021-09-20,-0.07505929621001381,7.463957692676352e-11,5.5681124387365584e-08,-1
597,598,611,2021-09-21,-0.07934953460515638,8.247949327496279e-13,6.392160728809617e-10,-1
598,599,612,2021-09-22,-0.08099022836919731,3.186252204544777e-14,2.529884250408553e-11,-1
599,600,613,2021-09-23,-0.07985083649434914,3.9376627622514084e-13,3.0713769545560985e-10,-1
600,601,614,2021-09-24,-0.0760150251883234,5.078444835155685e-11,3.8088336263667636e-08,-1
601,602,615,2021-09-25,-0.06984585600824457,3.0603358929609487e-09,2.1422351250726643e-06,-1
602,603,616,2021-09-26,-0.06202179359790509,6.722448645206184e-08,4.5174854895785556e-05,-1
603,604,617,2021-09-27,-0.053545513454541525,5.553634024114166e-07,0.0003637630285794779,-1
604,605,618,2021-09-28,-0.04574188839489103,1.443920989903648e-06,0.0009269972755181421,-1
605,606,619,2021-09-29,-0.040308375115176494,8.047354534149926e-07,0.0005246875156265752,-1
606,607,620,2021-09-30,-0.039590114914133244,5.303654326240846e-07,0.0003479197238013995,-1
607,608,621,2021-10-01,-0.04766374957507307,3.5667706347488335e-05,0.022006974816400304,-1
608,609,622,2021-10-02,-0.07601240534979228,0.0012990080008823774,0.694969280472072,0
609,610,623,2021-10-03,0.2597610920788383,0.213482080872755,1.0,0
610,611,624,2021-10-04,0.5448760425769612,0.042261951248478494,1.0,0
611,612,625,2021-10-05,0.7795228858417231,0.00894520313521671,1.0,0
612,613,626,2021-10-06,0.9640143531108366,0.002017611088632194,1.0,0
613,614,627,2021-10-07,1.098718932941555,0.0005314795357825121,0.3013488967886843,0
614,615,628,2021-10-08,1.1839674903045805,0.0001937566234951195,0.11470392110911075,0
615,616,629,2021-10-09,1.2199457670314091,0.0001200951764530492,0.07217720104828257,0
616,617,630,2021-10-10,1.2065866790094641,0.0001440310768383233,0.08627461502615566,0
617,618,631,2021-10-11,1.1434607286358867,0.0003186948893504949,0.18548042560198802,0
618,619,632,2021-10-12,1.0296403190735433,0.0010805640759665438,0.5878268573257999,0
619,620,633,2021-10-13,0.8634690657232901,0.004606661382413529,1.0,0
620,621,634,2021-10-14,0.6420176294532938,0.021687874872884108,1.0,0
621,622,635,2021-10-15,0.3595057415272289,0.10886430106296381,1.0,0
622,623,636,2021-10-16,0.0,1.0,1.0,0
623,624,637,2021-10-17,0.0,1.0,1.0,0
624,625,638,2021-10-18,0.0,1.0,1.0,0
625,626,639,2021-10-19,0.0,1.0,1.0,0
626,627,640,2021-10-20,0.0,1.0,1.0,0
627,628,641,2021-10-21,0.0,1.0,1.0,0
628,629,642,2021-10-22,0.0,1.0,1.0,0
629,630,643,2021-10-23,0.0,1.0,1.0,0
630,631,644,2021-10-24,0.0,1.0,1.0,0
631,632,645,2021-10-25,0.0,1.0,1.0,0
632,633,646,2021-10-26,0.0,1.0,1.0,0
633,634,647,2021-10-27,0.0,1.0,1.0,0
634,635,648,2021-10-28,0.0,1.0,1.0,0
635,636,649,2021-10-29,0.0,1.0,1.0,0
636,637,650,2021-10-30,0.0,1.0,1.0,0
637,638,651,2021-10-31,0.0,1.0,1.0,0
638,639,652,2021-11-01,0.0,1.0,1.0,0
639,640,653,2021-11-02,0.0,1.0,1.0,0
640,641,654,2021-11-03,0.0,1.0,1.0,0
641,642,655,2021-11-04,0.0,1.0,1.0,0
642,643,656,2021-11-05,0.0,1.0,1.0,0
643,644,657,2021-11-06,0.0,1.0,1.0,0
644,645,658,2021-11-07,0.0,1.0,1.0,0
645,646,659,2021-11-08,0.0,1.0,1.0,0
646,647,660,2021-11-09,0.0,1.0,1.0,0
647,648,661,2021-11-10,0.0,1.0,1.0,0
648,649,662,2021-11-11,-0.30784323957544785,0.10886430106296381,1.0,0
649,650,663,2021-11-12,-0.5190483565153761,0.02313673975300182,1.0,0
650,651,664,2021-11-13,-0.67144724283493,0.005650825123993071,1.0,0
651,652,665,2021-11-14,-0.774461061796844,0.0017156702844697688,0.8955798884932193,0
652,653,666,2021-11-15,-0.8335465071408995,0.0007561486098477272,0.41739403263594543,0
653,654,667,2021-11-16,-0.8540270254991186,0.0005516655607180254,0.31169104180568435,0
654,655,668,2021-11-17,-0.8409698919082657,0.0006760269234541089,0.378575077134301,0
655,656,669,2021-11-18,-0.8000251257354603,0.0012197912151703228,0.6550278825464634,0
656,657,670,2021-11-19,-0.7416490182820767,0.002514248966398716,1.0,0
657,658,671,2021-11-20,-0.41460245400704426,0.1418697022266218,1.0,0
658,659,672,2021-11-21,-0.0875558897320119,0.7667023295868483,1.0,0
659,660,673,2021-11-22,0.23949067454302042,0.4110913545356588,1.0,0
660,661,674,2021-11-23,0.566537238818053,0.035362670880076726,1.0,0
661,662,675,2021-11-24,0.8935838030930852,1.9304386043836014e-05,0.012045936891353673,1
662,663,676,2021-11-25,0.8654266293964469,3.0230299445500758e-05,0.01874278565621047,1
663,664,677,2021-11-26,0.8467677545027747,4.399462484901978e-05,0.026968705032449126,1
664,665,678,2021-11-27,0.8102836755389754,9.217464857797579e-05,0.055489138443941426,0
665,666,679,2021-11-28,0.7514085928250089,0.0002758347077908496,0.161363304057647,0
666,667,680,2021-11-29,0.6679992541392005,0.0010537543640544366,0.5742961284096679,0
667,668,681,2021-11-30,0.5568969314670653,0.004627310636682496,1.0,0
668,669,682,2021-12-01,0.4139335294584155,0.02177656417543695,1.0,0
669,670,683,2021-12-02,0.23284772924542896,0.10886430106296369,1.0,0
670,671,684,2021-12-03,0.0,1.0,1.0,0
671,672,685,2021-12-04,0.0,1.0,1.0,0
672,673,686,2021-12-05,0.0,1.0,1.0,0
673,674,687,2021-12-06,0.0,1.0,1.0,0
674,675,688,2021-12-07,0.0,1.0,1.0,0
675,676,689,2021-12-08,0.0,1.0,1.0,0
676,677,690,2021-12-09,0.0,1.0,1.0,0
677,678,691,2021-12-10,0.0,1.0,1.0,0
678,679,692,2021-12-11,0.0,1.0,1.0,0
679,680,693,2021-12-12,0.0,1.0,1.0,0
680,681,694,2021-12-13,0.0,1.0,1.0,0
681,682,695,2021-12-14,0.0,1.0,1.0,0
682,683,696,2021-12-15,0.0,1.0,1.0,0
683,684,697,2021-12-16,0.0,1.0,1.0,0
684,685,698,2021-12-17,0.0,1.0,1.0,0
685,686,699,2021-12-18,0.0,1.0,1.0,0
686,687,700,2021-12-19,0.0,1.0,1.0,0
687,688,701,2021-12-20,0.0,1.0,1.0,0
688,689,702,2021-12-21,0.0,1.0,1.0,0
689,690,703,2021-12-22,0.0,1.0,1.0,0
690,691,704,2021-12-23,0.0,1.0,1.0,0
691,692,705,2021-12-24,0.0,1.0,1.0,0
692,693,706,2021-12-25,-0.21805816550038412,0.10886430106296381,1.0,0
693,694,707,2021-12-26,-0.37338504148180346,0.02267322880445431,1.0,0
694,695,708,2021-12-27,-0.48522429416847335,0.0054153768305148,1.0,0
695,696,709,2021-12-28,-0.5607516021392808,0.001605077450253167,0.8426656613829128,0
696,697,710,2021-12-29,-0.6040302988624965,0.0006933445792802115,0.3875796198176382,0
697,698,711,2021-12-30,-0.6177569440880242,0.0005148120131763932,0.2929280354973677,0
698,699,712,2021-12-31,-0.6038630045243019,0.0006994602977122825,0.3902988461234536,0
699,700,713,2022-01-01,-0.5637861237210989,0.0015878460758271711,0.8367948819609192,0
700,701,714,2022-01-02,-0.49861866178577074,0.005033753949687295,1.0,0
701,702,715,2022-01-03,-0.4092029552859107,0.018803461037027125,1.0,0
702,703,716,2022-01-04,-0.2962008646049408,0.07368887600077241,1.0,0
703,704,717,2022-01-05,-0.16015208976791992,0.28262766873171036,1.0,0
704,705,718,2022-01-06,-0.0015194529296525246,0.9897689192113117,1.0,0
705,706,719,2022-01-07,0.1792792625615371,2.0448660357098e-05,0.012739515402472056,1
706,707,720,2022-01-08,0.130247873868108,1.6492868130636077e-06,0.001055543560360709,1
707,708,721,2022-01-09,0.10275271403449132,3.4371140257028934e-07,0.00022684952569639096,1
708,709,722,2022-01-10,0.08393625955260492,1.0045068796837216e-07,6.720151025084098e-05,1
709,710,723,2022-01-11,0.07005724339128727,3.7561344521470254e-08,2.5391468896513893e-05,1
710,711,724,2022-01-12,0.05943004004506157,1.750547552791524e-08,1.1938734310038193e-05,1
711,712,725,2022-01-13,0.0510996709682509,9.722204124098203e-09,6.718043049751858e-06,1
712,713,726,2022-01-14,0.04449326154894187,5.575671093919112e-09,3.880667081367702e-06,1
713,714,727,2022-01-15,0.03939589966806037,2.1685057377233996e-09,1.5287965450949968e-06,1
714,715,728,2022-01-16,0.035792237855017436,3.227432132175904e-10,2.3398882958275304e-07,1
715,716,729,2022-01-17,0.033744399149099,1.6154301671440137e-11,1.2196497761937304e-08,1
716,717,730,2022-01-18,0.033318667491081026,4.646874885214904e-12,3.5595061620746162e-09,1
717,718,731,2022-01-19,0.034533970974095496,1.0164512337334726e-10,7.531903641965032e-08,1
718,719,732,2022-01-20,0.03732485613373676,2.3030046378589782e-09,1.6190122604148618e-06,1
719,720,733,2022-01-21,0.04152037464060946,1.174356959822715e-08,8.067832313982052e-06,1
720,721,734,2022-01-22,0.046837585456305744,1.7129503567319718e-08,1.1699450936479368e-05,1
721,722,735,2022-01-23,0.05288849159232084,9.794416965831788e-09,6.758147706423934e-06,1
722,723,736,2022-01-24,0.05921292128306496,2.6589886862752424e-09,1.8639510690789449e-06,1
723,724,737,2022-01-25,0.06534591288221317,3.6420516130573735e-10,2.6368453678535384e-07,1
724,725,738,2022-01-26,0.07087321440073999,2.2303062781704184e-11,1.6816509337404953e-08,1
725,726,739,2022-01-27,0.07536756029219126,4.957092838246228e-13,3.856618228155565e-10,1
726,727,740,2022-01-28,0.0784374897072316,3.7325295798120216e-15,3.105464610403602e-12,1
727,728,741,2022-01-29,0.0798921595515864,3.2952806248464856e-17,2.7911026892449733e-14,1
728,729,742,2022-01-30,0.07970038140185123,7.529169523109144e-17,6.354619077504118e-14,1
729,730,743,2022-01-31,0.07793396620870376,7.318532030412662e-15,6.0231518610296215e-12,1
730,731,744,2022-02-01,0.07472828775117249,4.348186579271018e-13,3.387237345252123e-10,1
731,732,745,2022-02-02,0.07026044928263417,1.1512601844138384e-11,8.749577401545172e-09,1
732,733,746,2022-02-03,0.06473425021639678,1.766995457533631e-10,1.2969746658296852e-07,1
733,734,747,2022-02-04,0.05837184859611548,1.924584832404426e-09,1.3626060613423336e-06,1
734,735,748,2022-02-05,0.05140827652338681,1.6960595310892758e-08,1.1601047192650647e-05,1
735,736,749,2022-02-06,0.0440830174936594,1.3198308526519875e-07,8.803271787188757e-05,1
736,737,750,2022-02-07,0.036634494574069504,9.677105397254398e-07,0.000627076429742085,1
737,738,751,2022-02-08,0.02929851865074107,7.094090721792214e-06,0.004476371245450887,1
738,739,752,2022-02-09,0.022295536794739102,5.5179616511969536e-05,0.03360438645578945,1
739,740,753,2022-02-10,0.01581949844391105,0.00048475191658369746,0.27727809628587496,0
740,741,754,2022-02-11,0.010031153268710473,0.005104928444719309,1.0,0
741,742,755,2022-02-12,0.005046667205721539,0.06405393181050144,1.0,0
742,743,756,2022-02-13,0.0009029663844889245,0.6586920920393662,1.0,0
743,744,757,2022-02-14,-0.002493110751300568,0.1325036891816988,1.0,0
744,745,758,2022-02-15,-0.005352482991433537,0.0007279553047318502,0.4047431494309087,0
745,746,759,2022-02-16,-0.007978767548183755,4.869219908693539e-06,0.0030822162022030104,-1
746,747,760,2022-02-17,-0.010751249489105172,8.700641902602704e-07,0.0005655417236691757,-1
747,748,761,2022-02-18,-0.01411502706955211,1.957107876574806e-06,0.001248634825254726,-1
748,749,762,2022-02-19,-0.018584286568278544,6.5750684090443845e-06,0.004155443234516051,-1
749,750,763,2022-02-20,-0.024776348705560645,1.579161204610773e-05,0.009901340752909547,-1
750,751,764,2022-02-21,-0.03349203734541961,2.6231217674584117e-05,0.016289586175916738,-1
751,752,765,2022-02-22,-0.045865899270123404,3.435383520656126e-05,0.021230670157654858,-1
752,753,766,2022-02-23,-0.06370597187012308,4.190634528871882e-05,0.025730496007273358,-1
753,754,767,2022-02-24,-0.09053797537117925,5.938050890840937e-05,0.03604396890740449,-1
754,755,768,2022-02-25,-0.13697948540285576,0.0001617027024922914,0.09653651338789797,0
755,756,769,2022-02-26,-0.012852136173212141,0.8807734101391529,1.0,0
756,757,770,2022-02-27,0.09657042121807881,0.365716256167543,1.0,0
757,758,771,2022-02-28,0.19114510722166295,0.10650539738129662,1.0,0
758,759,772,2022-03-01,0.2706140668762916,0.029905739117605783,1.0,0
759,760,773,2022-03-02,0.3345951995339128,0.008626043606991202,1.0,0
760,761,774,2022-03-03,0.3825615486154922,0.002822192701492848,1.0,0
761,762,775,2022-03-04,0.41380888281649103,0.0012139108552949136,0.6530840401486635,0
762,763,776,2022-03-05,0.42740364398695146,0.0008132723715658618,0.4481130767327899,0
763,764,777,2022-03-06,0.42208694908538524,0.0009515334597472266,0.5223918694012274,0
764,765,778,2022-03-07,0.3961055652338775,0.0019163907582263242,0.9965231942776885,0
765,766,779,2022-03-08,0.3469245823950617,0.005842697190506,1.0,0
766,767,780,2022-03-09,0.27065525035906085,0.02313839313202247,1.0,0
767,768,781,2022-03-10,0.16053168023018105,0.10886430106296381,1.0,0
768,769,782,2022-03-11,0.0,1.0,1.0,0
769,770,783,2022-03-12,0.0,1.0,1.0,0
770,771,784,2022-03-13,0.0,1.0,1.0,0
771,772,785,2022-03-14,0.0,1.0,1.0,0
772,773,786,2022-03-15,0.0,1.0,1.0,0
773,774,787,2022-03-16,0.0,1.0,1.0,0
774,775,788,2022-03-17,0.0,1.0,1.0,0
775,776,789,2022-03-18,0.0,1.0,1.0,0
776,777,790,2022-03-19,0.0,1.0,1.0,0
777,778,791,2022-03-20,0.0,1.0,1.0,0
778,779,792,2022-03-21,0.0,1.0,1.0,0
779,780,793,2022-03-22,0.0,1.0,1.0,0
780,781,794,2022-03-23,0.0,1.0,1.0,0
781,782,795,2022-03-24,0.0,1.0,1.0,0
782,783,796,2022-03-25,0.0,1.0,1.0,0
783,784,797,2022-03-26,0.0,1.0,1.0,0
784,785,798,2022-03-27,0.0,1.0,1.0,0
785,786,799,2022-03-28,0.0,1.0,1.0,0
786,787,800,2022-03-29,0.0,1.0,1.0,0
787,788,801,2022-03-30,0.0,1.0,1.0,0
788,789,802,2022-03-31,0.0,1.0,1.0,0
789,790,803,2022-04-01,0.0,1.0,1.0,0
790,791,804,2022-04-02,0.0,1.0,1.0,0
791,792,805,2022-04-03,0.0,1.0,1.0,0
792,793,806,2022-04-04,0.0,1.0,1.0,0
793,794,807,2022-04-05,0.0,1.0,1.0,0
794,795,808,2022-04-06,0.0,1.0,1.0,0
795,796,809,2022-04-07,0.0,1.0,1.0,0
796,797,810,2022-04-08,0.0,1.0,1.0,0
797,798,811,2022-04-09,0.0,1.0,1.0,0
798,799,812,2022-04-10,0.0,1.0,1.0,0
799,800,813,2022-04-11,0.0,1.0,1.0,0
800,801,814,2022-04-12,0.0,1.0,1.0,0
801,802,815,2022-04-13,0.0,1.0,1.0,0
802,803,816,2022-04-14,0.0,1.0,1.0,0
803,804,817,2022-04-15,0.0,1.0,1.0,0
804,805,818,2022-04-16,0.0,1.0,1.0,0
805,806,819,2022-04-17,0.0,1.0,1.0,0
806,807,820,2022-04-18,0.0,1.0,1.0,0
807,808,821,2022-04-19,0.0,1.0,1.0,0
808,809,822,2022-04-20,0.0,1.0,1.0,0
809,810,823,2022-04-21,0.0,1.0,1.0,0
810,811,824,2022-04-22,0.0,1.0,1.0,0
811,812,825,2022-04-23,0.0,1.0,1.0,0
812,813,826,2022-04-24,0.0,1.0,1.0,0
813,814,827,2022-04-25,0.0,1.0,1.0,0
814,815,828,2022-04-26,0.0,1.0,1.0,0
815,816,829,2022-04-27,0.0,1.0,1.0,0
816,817,830,2022-04-28,0.0,1.0,1.0,0
817,818,831,2022-04-29,0.0,1.0,1.0,0
818,819,832,2022-04-30,0.0,1.0,1.0,0
819,820,833,2022-05-01,0.0,1.0,1.0,0
820,821,834,2022-05-02,0.0,1.0,1.0,0
821,822,835,2022-05-03,0.0,1.0,1.0,0
822,823,836,2022-05-04,0.0,1.0,1.0,0
823,824,837,2022-05-05,0.0,1.0,1.0,0
824,825,838,2022-05-06,0.0,1.0,1.0,0
825,826,839,2022-05-07,0.0,1.0,1.0,0
826,827,840,2022-05-08,0.0,1.0,1.0,0
827,828,841,2022-05-09,0.0,1.0,1.0,0
828,829,842,2022-05-10,0.0,1.0,1.0,0
829,830,843,2022-05-11,0.0,1.0,1.0,0
830,831,844,2022-05-12,0.0,1.0,1.0,0
831,832,845,2022-05-13,0.0,1.0,1.0,0
832,833,846,2022-05-14,0.0,1.0,1.0,0
833,834,847,2022-05-15,0.0,1.0,1.0,0
834,835,848,2022-05-16,0.0,1.0,1.0,0
835,836,849,2022-05-17,0.0,1.0,1.0,0
836,837,850,2022-05-18,0.0,1.0,1.0,0
837,838,851,2022-05-19,0.0,1.0,1.0,0
838,839,852,2022-05-20,0.0,1.0,1.0,0
839,840,853,2022-05-21,0.0,1.0,1.0,0
840,841,854,2022-05-22,0.0,1.0,1.0,0
841,842,855,2022-05-23,0.0,1.0,1.0,0
842,843,856,2022-05-24,0.0,1.0,1.0,0
843,844,857,2022-05-25,0.0,1.0,1.0,0
844,845,858,2022-05-26,-0.2812247852750812,0.10886430106296381,1.0,0
845,846,859,2022-05-27,-0.42694622097169893,0.028074205972313155,1.0,0
846,847,860,2022-05-28,-0.5242045555343822,0.009012473277252726,1.0,0
847,848,861,2022-05-29,-0.5838212230448171,0.003889784680648519,1.0,0
848,849,862,2022-05-30,-0.610837402671013,0.0025228834418103857,1.0,0
849,850,863,2022-05-31,-0.6083260280118244,0.0026322513491601703,1.0,0
850,851,864,2022-06-01,-0.578424227610632,0.004305038601652933,1.0,0
851,852,865,2022-06-02,-0.5227406278431093,0.009894574278980467,1.0,0
852,853,866,2022-06-03,-0.4425516482662817,0.02785347470239633,1.0,0
853,854,867,2022-06-04,-0.338909037152654,0.08512054054696463,1.0,0
854,855,868,2022-06-05,-0.21270408551525513,0.2572365009078376,1.0,0
855,856,869,2022-06-06,-0.06470866063256997,0.7058137784833513,1.0,0
856,857,870,2022-06-07,0.10439717150764606,0.46584358197999,1.0,0
857,858,871,2022-06-08,0.2940057807013888,0.0004914673943418468,0.28062788216919454,0
858,859,872,2022-06-09,0.17907780948672342,2.710014519580248e-07,0.00017967396264817045,1
859,860,873,2022-06-10,0.14676526623914388,1.2881915322368051e-08,8.836993911144483e-06,1
860,861,874,2022-06-11,0.12673999160099958,1.4056290992316013e-09,1.0008079186529001e-06,1
861,862,875,2022-06-12,0.11251233523936552,2.3208557120967995e-10,1.6895829584064701e-07,1
862,863,876,2022-06-13,0.10169113769401174,4.987125784427202e-11,3.7453314641048284e-08,1
863,864,877,2022-06-14,0.09309768936314189,1.3002686284712927e-11,9.856036203812398e-09,1
864,865,878,2022-06-15,0.08605821538954439,3.972092469810732e-12,3.0545391092844532e-09,1
